"id","author_id","title","description","content","date"
1,"HunFlair2 in a cross-corpus evaluation of biomedical named entity recognition and normalization tools","Mario Sänger, Samuele Garda, Xing David Wang, Leon Weber-Genzel, Pia Droop, Benedikt Fuchs, Alan Akbik, Ulf Leser","Computation and Language (cs.CL)","With the exponential growth of the life science literature, biomedical text mining (BTM) has become an essential technology for accelerating the extra","Mon, 19 Feb 2024 18:58:18 UTC (4,671 KB)[v2] Tue, 20 Feb 2024 13:10:27 UTC (4,671 KB)"
2,"Construction of a Syntactic Analysis Map for Yi Shui School through Text Mining and Natural Language Processing Research","Hanqing Zhao, Yuehan Li","Computation and Language (cs.CL)","Entity and relationship extraction is a crucial component in natural language processing tasks such as knowledge graph construction, question answerin","Fri, 16 Feb 2024 14:59:55 UTC (561 KB)"
3,"Multi-Fidelity Methods for Optimization: A Survey","Ke Li, Fan Li","Machine Learning (cs.LG)","Real-world black-box optimization often involves time-consuming or costly experiments and simulations. Multi-fidelity optimization (MFO) stands out as","Thu, 15 Feb 2024 00:52:34 UTC (35,662 KB)"
4,"A step towards the integration of machine learning and small area estimation","Tomasz Żądło, Adam Chwila","Methodology (stat.ME)","The use of machine-learning techniques has grown in numerous research areas. Currently, it is also widely used in statistics, including the official s","Mon, 12 Feb 2024 09:43:17 UTC (110 KB)"
5,"How to Refactor this Code? An Exploratory Study on Developer-ChatGPT Refactoring Conversations","Eman Abdullah AlOmar, Anushkrishna Venkatakrishnan, Mohamed Wiem Mkaouer, Christian D. Newman, Ali Ouni","Software Engineering (cs.SE)","Large Language Models (LLMs), like ChatGPT, have gained widespread popularity and usage in various software engineering tasks, including refactoring, ","Thu, 8 Feb 2024 19:24:01 UTC (2,570 KB)"
6,"Quantifying Similarity: Text-Mining Approaches to Evaluate ChatGPT and Google Bard Content in Relation to BioMedical Literature","Jakub Klimczak, Ahmed Abdeen Hamed","Computation and Language (cs.CL)","Background: The emergence of generative AI tools, empowered by Large Language Models (LLMs), has shown powerful capabilities in generating content. To","Fri, 19 Jan 2024 17:14:46 UTC (3,859 KB)[v2] Sun, 11 Feb 2024 22:50:17 UTC (3,857 KB)"
7,"Leveraging Social Media Data to Identify Factors Influencing Public Attitude Towards Accessibility, Socioeconomic Disparity and Public Transportation","Khondhaker Al Momin, Arif Mohaimin Sadri, Md Sami Hasnine","Computers and Society (cs.CY)","This study proposes a novel method to understand the factors affecting individuals' perception of transport accessibility, socioeconomic disparity, an","Mon, 22 Jan 2024 06:51:29 UTC (857 KB)"
8,"A Scalable and Automated Framework for Tracking the likely Adoption of Emerging Technologies","Lowri Williams, Eirini Anthi, Pete Burnap","Computers and Society (cs.CY)","While new technologies are expected to revolutionise and become game-changers in improving the efficiencies and practises of our daily lives, it is al","Tue, 16 Jan 2024 16:42:14 UTC (984 KB)"
9,"Building Contextual Knowledge Graphs for Personalized Learning Recommendations using Text Mining and Semantic Graph Completion","Hasan Abu-Rasheed, Mareike Dornhöfer, Christian Weber, Gábor Kismihók, Ulrike Buchmann, Madjid Fathi","Information Retrieval (cs.IR)","Modelling learning objects (LO) within their context enables the learner to advance from a basic, remembering-level, learning objective to a higher-or","Wed, 24 Jan 2024 17:27:08 UTC (4,217 KB)"
10,"Topic Modelling: Going Beyond Token Outputs","Lowri Williams, Eirini Anthi, Laura Arman, Pete Burnap","Computation and Language (cs.CL)","Topic modelling is a text mining technique for identifying salient themes from a number of documents. The output is commonly a set of topics consistin","Tue, 16 Jan 2024 16:05:54 UTC (7,465 KB)"
11,"Examining the Role of Peer Acknowledgements on Social Annotations: Unraveling the Psychological Underpinnings","Xiaoshan Huang, Haolun Wu, Xue Liu, Susanne Lajoie","Human-Computer Interaction (cs.HC)","This study explores the impact of peer acknowledgement on learner engagement and implicit psychological attributes in written annotations on an online","Tue, 23 Jan 2024 18:28:07 UTC (1,114 KB)[v2] Thu, 15 Feb 2024 22:08:01 UTC (1,114 KB)"
12,"BioFinBERT: Finetuning Large Language Models (LLMs) to Analyze Sentiment of Press Releases and Financial Text Around Inflection Points of Biotech Stoc","Valentina Aparicio, Daniel Gordon, Sebastian G. Huayamares, Yuhuai Luo","General Finance (q-fin.GN)","Large language models (LLMs) are deep learning algorithms being used to perform natural language processing tasks in various fields, from social scien","Fri, 19 Jan 2024 20:09:44 UTC (1,300 KB)"
13,"Taec: a Manually annotated text dataset for trait and phenotype extraction and entity linking in wheat breeding literature","Claire Nédellec, Clara Sauvion, Robert Bossy, Mariya Borovikova, Louise Deléger","Computation and Language (cs.CL)","Wheat varieties show a large diversity of traits and phenotypes. Linking them to genetic variability is essential for shorter and more efficient wheat","Mon, 15 Jan 2024 03:23:24 UTC (431 KB)"
14,"Two Directions for Clinical Data Generation with Large Language Models: Data-to-Label and Label-to-Data","Rumeng Li, Xun Wang, Hong Yu","Computation and Language (cs.CL)","Large language models (LLMs) can generate natural language texts for various domains and tasks, but their potential for clinical text mining, a domain","Sat, 9 Dec 2023 19:35:40 UTC (841 KB)"
15,"Exact representation and efficient approximations of linear model predictive control laws via HardTanh type deep neural networks","Daniela Lupu, Ion Necoara","Optimization and Control (math.OC)","Deep neural networks have revolutionized many fields, including image processing, inverse problems, text mining and more recently, give very promising","Wed, 10 Jan 2024 11:19:20 UTC (219 KB)"
16,"IDoFew: Intermediate Training Using Dual-Clustering in Language Models for Few Labels Text Classification","Abdullah Alsuhaibani, Hamad Zogan, Imran Razzak, Shoaib Jameel, Guandong Xu","Computation and Language (cs.CL)","Language models such as Bidirectional Encoder Representations from Transformers (BERT) have been very effective in various Natural Language Processing","Mon, 8 Jan 2024 17:07:37 UTC (1,405 KB)"
17,"Text mining arXiv: a look through quantitative finance papers","Michele Leonardo Bianchi","Digital Libraries (cs.DL)","This paper explores articles hosted on the arXiv preprint server with the aim to uncover valuable insights hidden in this vast collection of research.","Wed, 3 Jan 2024 14:06:06 UTC (958 KB)"
18,"Language Model as an Annotator: Unsupervised Context-aware Quality Phrase Generation","Zhihao Zhang, Yuan Zuo, Chenghua Lin, Junjie Wu","Computation and Language (cs.CL)","Phrase mining is a fundamental text mining task that aims to identify quality phrases from context. Nevertheless, the scarcity of extensive gold label","Thu, 28 Dec 2023 20:32:44 UTC (1,165 KB)"
19,"Efficient High-Quality Clustering for Large Bipartite Graphs","Renchi Yang, Jieming Shi","Social and Information Networks (cs.SI)","A bipartite graph contains inter-set edges between two disjoint vertex sets, and is widely used to model real-world data, such as user-item purchase r","Thu, 28 Dec 2023 09:50:56 UTC (990 KB)"
20,"Debiasing Sample Loadings and Scores in Exponential Family PCA for Sparse Count Data","Ruochen Huang, Yoonkyung Lee","Methodology (stat.ME)","Multivariate count data with many zeros frequently occur in a variety of application areas such as text mining with a document-term matrix and cluster","Wed, 20 Dec 2023 21:16:07 UTC (855 KB)"
21,"WikiMuTe: A web-sourced dataset of semantic descriptions for music audio","Benno Weck, Holger Kirchhoff, Peter Grosche, Xavier Serra","Computation and Language (cs.CL)","Multi-modal deep learning techniques for matching free-form text with music have shown promising results in the field of Music Information Retrieval (","Thu, 14 Dec 2023 18:38:02 UTC (108 KB)"
22,"Uncovering Gender Stereotypes in Video Game Character Designs: A Multi-Modal Analysis of Honor of Kings","Bingqing Liu, Kyrie Zhixuan Zhou, Danlei Zhu, Jaihyun Park","Human-Computer Interaction (cs.HC)","In this paper, we conduct a comprehensive analysis of gender stereotypes in the character design of Honor of Kings, a popular multiplayer online battl","Thu, 23 Nov 2023 23:37:32 UTC (8,380 KB)"
23,"Taiyi: A Bilingual Fine-Tuned Large Language Model for Diverse Biomedical Tasks","Ling Luo, Jinzhong Ning, Yingwen Zhao, Zhijun Wang, Zeyuan Ding, Peng Chen, Weiru Fu, Qinyu Han, Guangtao Xu, Yunzhi Qiu, Dinghao Pan, Jiru Li, Hao Li","Computation and Language (cs.CL)","Objective: Most existing fine-tuned biomedical large language models (LLMs) focus on enhancing performance in monolingual biomedical question answerin","Mon, 20 Nov 2023 08:51:30 UTC (1,156 KB)[v2] Tue, 19 Dec 2023 07:18:24 UTC (1,234 KB)"
24,"A Comprehensive Review on Sentiment Analysis: Tasks, Approaches and Applications","Sudhanshu Kumar (1), Partha Pratim Roy (1), Debi Prosad Dogra (2), Byung-Gyu Kim (3) ((1) Department of Computer Science and Engineering, IIT Roorkee,","Artificial Intelligence (cs.AI)","Sentiment analysis (SA) is an emerging field in text mining. It is the process of computationally identifying and categorizing opinions expressed in a","Sun, 19 Nov 2023 06:29:41 UTC (888 KB)"
25,"Insights into Classifying and Mitigating LLMs' Hallucinations","Alessandro Bruno, Pier Luigi Mazzeo, Aladine Chetouani, Marouane Tliba, Mohamed Amine Kerkouri","Computation and Language (cs.CL)","The widespread adoption of large language models (LLMs) across diverse AI applications is proof of the outstanding achievements obtained in several ta","Tue, 14 Nov 2023 12:30:28 UTC (476 KB)"
26,"BIDRN: A Method of Bidirectional Recurrent Neural Network for Sentiment Analysis","Dr. D Muthusankar, Dr. P Kaladevi, Dr. V R Sadasivam, R Praveen","Computation and Language (cs.CL)","Text mining research has grown in importance in recent years due to the tremendous increase in the volume of unstructured textual data. This has resul","Mon, 13 Nov 2023 12:36:53 UTC (502 KB)"
27,"MatNexus: A Comprehensive Text Mining and Analysis Suite for Materials Discover","Lei Zhang, Markus Stricker","Materials Science (cond-mat.mtrl-sci)","MatNexus is a specialized software for the automated collection, processing, and analysis of text from scientific articles. Through an integrated suit","Tue, 7 Nov 2023 14:14:36 UTC (6,501 KB)"
28,"Automated Annotation of Scientific Texts for ML-based Keyphrase Extraction and Validation","Oluwamayowa O. Amusat, Harshad Hegde, Christopher J. Mungall, Anna Giannakou, Neil P. Byers, Dan Gunter, Kjiersten Fagnan, Lavanya Ramakrishnan","Information Retrieval (cs.IR)","Advanced omics technologies and facilities generate a wealth of valuable data daily; however, the data often lacks the essential metadata required for","Wed, 8 Nov 2023 22:09:31 UTC (788 KB)"
29,"In nomine patris... Elements for a semantics of medieval paternity","Nicolas Perreaux (LAMOP)","Digital Libraries (cs.DL)","This article examines medieval concepts of paternity and father-son relationships through the digital analysis of medieval textual corpora. Although h","Fri, 6 Oct 2023 09:10:58 UTC (1,674 KB)"
30,"DAIL: Data Augmentation for In-Context Learning via Self-Paraphrase","Dawei Li, Yaxuan Li, Dheeraj Mekala, Shuyao Li, Yulin wang, Xueqi Wang, William Hogan, Jingbo Shang","Computation and Language (cs.CL)","In-Context Learning (ICL) combined with pre-trained large language models has achieved promising results on various NLP tasks. However, ICL requires h","Mon, 6 Nov 2023 18:12:55 UTC (1,377 KB)"
31,"Content Significance Distribution of Sub-Text Blocks in Articles and Its Application to Article-Organization Assessment","You Zhou, Jie Wang","Computer Vision and Pattern Recognition (cs.CV)","We explore how to capture the significance of a sub-text block in an article and how it may be used for text mining tasks. A sub-text block is a sub-s","Fri, 3 Nov 2023 02:43:51 UTC (6,555 KB)"
32,"An energy-based comparative analysis of common approaches to text classification in the Legal domain","Sinan Gultekin, Achille Globo, Andrea Zugarini, Marco Ernandes, Leonardo Rigutini","Computation and Language (cs.CL)","Most Machine Learning research evaluates the best solutions in terms of performance. However, in the race for the best performing model, many importan","Thu, 2 Nov 2023 14:16:48 UTC (565 KB)[v2] Mon, 5 Feb 2024 11:13:59 UTC (759 KB)"
33,"Sentence Bag Graph Formulation for Biomedical Distant Supervision Relation Extraction","Hao Zhang, Yang Liu, Xiaoyan Liu, Tianming Liang, Gaurav Sharma, Liang Xue, Maozu Guo","Machine Learning (cs.LG)","We introduce a novel graph-based framework for alleviating key challenges in distantly-supervised relation extraction and demonstrate its effectivenes","Sun, 29 Oct 2023 05:48:04 UTC (2,168 KB)"
34,"Test-time Augmentation for Factual Probing","Go Kamoda, Benjamin Heinzerling, Keisuke Sakaguchi, Kentaro Inui","Computation and Language (cs.CL)","Factual probing is a method that uses prompts to test if a language model ""knows"" certain world knowledge facts. A problem in factual probing is that ","Thu, 26 Oct 2023 03:41:32 UTC (114 KB)"
35,"Unraveling the Skillsets of Data Scientists: Text Mining Analysis of Dutch University Master Programs in Data Science and Artificial Intelligence","Mathijs J. Mol, Barbara Belfi, Zsuzsa Bakk","Other Statistics (stat.OT)","The growing demand for data scientists in the global labor market and the Netherlands has led to a rise in data science and artificial intelligence (A","Mon, 23 Oct 2023 09:02:44 UTC (476 KB)"
36,"The Uncertainty-based Retrieval Framework for Ancient Chinese CWS and POS","Pengyu Wang, Zhichen Ren","Computation and Language (cs.CL)","Automatic analysis for modern Chinese has greatly improved the accuracy of text mining in related fields, but the study of ancient Chinese is still re","Thu, 12 Oct 2023 16:55:44 UTC (1,192 KB)"
37,"An Analysis on Large Language Models in Healthcare: A Case Study of BioBERT","Shyni Sharaf, V. S. Anoop","Artificial Intelligence (cs.AI)","This paper conducts a comprehensive investigation into applying large language models, particularly on BioBERT, in healthcare. It begins with thorough","Wed, 11 Oct 2023 08:16:35 UTC (425 KB)[v2] Thu, 12 Oct 2023 07:53:53 UTC (425 KB)"
38,"ForeSeer: Product Aspect Forecasting Using Temporal Graph Embedding","Zixuan Liu, Gaurush Hiranandani, Kun Qian, Eddie W. Huang, Yi Xu, Belinda Zeng, Karthik Subbian, Sheng Wang","Information Retrieval (cs.IR)","Developing text mining approaches to mine aspects from customer reviews has been well-studied due to its importance in understanding customer needs an","Sat, 7 Oct 2023 16:21:04 UTC (6,787 KB)"
39,"Literature Based Discovery (LBD): Towards Hypothesis Generation and Knowledge Discovery in Biomedical Text Mining","Balu Bhasuran, Gurusamy Murugesan, Jeyakumar Natarajan","Information Retrieval (cs.IR)","Biomedical knowledge is growing in an astounding pace with a majority of this knowledge is represented as scientific publications. Text mining tools a","Wed, 4 Oct 2023 02:13:11 UTC (1,254 KB)"
40,"Procedural Text Mining with Large Language Models","Anisa Rula, Jennifer D'Souza","Computation and Language (cs.CL)","Recent advancements in the field of Natural Language Processing, particularly the development of large-scale language models that are pretrained on va","Thu, 5 Oct 2023 08:27:33 UTC (754 KB)"
41,"A review of undergraduate courses in Design of Experiments offered by American universities","Alan R. Vazquez, Xiaocong Xuan","Other Statistics (stat.OT)","Design of Experiments (DoE) is a relevant class to undergraduate programs in the sciences, because it teaches students how to plan, conduct, and analy","Fri, 29 Sep 2023 04:03:32 UTC (477 KB)"
42,"Machine-assisted mixed methods: augmenting humanities and social sciences with artificial intelligence","Andres Karjus","Computation and Language (cs.CL)","The increasing capacities of large language models (LLMs) present an unprecedented opportunity to scale up data analytics in the humanities and social","Sun, 24 Sep 2023 14:21:50 UTC (5,380 KB)"
43,"Graph Representation Learning Towards Patents Network Analysis","Mohammad Heydari, Babak Teimourpour","Social and Information Networks (cs.SI)","Patent analysis has recently been recognized as a powerful technique for large companies worldwide to lend them insight into the age of competition am","Mon, 25 Sep 2023 05:49:40 UTC (895 KB)"
44,"Multiple Relations Classification using Imbalanced Predictions Adaptation","Sakher Khalil Alqaaidi, Elika Bozorgi, Krzysztof J. Kochut","Computation and Language (cs.CL)","The relation classification task assigns the proper semantic relation to a pair of subject and object entities; the task plays a crucial role in vario","Sun, 24 Sep 2023 18:36:22 UTC (142 KB)"
45,"Decoding the Alphabet Soup of Degrees in the United States Postsecondary Education System Through Hybrid Method: Database and Text Mining","Sahar Voghoei, James Byars, John A Miller, Khaled Rasheed, Hamid A Arabnia","Information Retrieval (cs.IR)","This paper proposes a model to predict the levels (e.g., Bachelor, Master, etc.) of postsecondary degree awards that have been ambiguously expressed i","Wed, 6 Sep 2023 16:03:14 UTC (438 KB)"
46,"Computational Approaches for Predicting Drug-Disease Associations: A Comprehensive Review","Chunyan Ao, Zhichao Xiao, Lixin Guan, Liang Yu","Quantitative Methods (q-bio.QM)","In recent decades, traditional drug research and development have been facing challenges such as high cost, long timelines, and high risks. To address","Sun, 10 Sep 2023 11:34:29 UTC (4,292 KB)"
47,"The Power of Patents: Leveraging Text Mining and Social Network Analysis to Forecast IoT Trends","Mehrdad Maghsoudi, Reza Nourbakhsh, Mehrdad Agha Mohammadali Kermani, Rahim Khanizad","Social and Information Networks (cs.SI)","Technology has become an indispensable competitive tool as science and technology have progressed throughout history. Organizations can compete on an ","Fri, 1 Sep 2023 19:27:21 UTC (1,536 KB)"
48,"Insights Into the Nutritional Prevention of Macular Degeneration based on a Comparative Topic Modeling Approach","Lucas Cassiel Jacaruso","Computation and Language (cs.CL)","Topic modeling and text mining are subsets of Natural Language Processing (NLP) with relevance for conducting meta-analysis (MA) and systematic review","Fri, 1 Sep 2023 07:53:28 UTC (657 KB)[v2] Fri, 3 Nov 2023 21:08:54 UTC (506 KB)[v3] Sun, 12 Nov 2023 03:53:50 UTC (978 KB)[v4] Fri, 17 Nov 2023 06:32:"
49,"Biomedical Entity Linking with Triple-aware Pre-Training","Xi Yan, Cedric Möller, Ricardo Usbeck","Computation and Language (cs.CL)","Linking biomedical entities is an essential aspect in biomedical natural language processing tasks, such as text mining and question answering. Howeve","Mon, 28 Aug 2023 09:06:28 UTC (121 KB)"
50,"Feature Extraction Using Deep Generative Models for Bangla Text Classification on a New Comprehensive Dataset","Md. Rafi-Ur-Rashid, Sami Azam, Mirjam Jonkman","Information Retrieval (cs.IR)","The selection of features for text classification is a fundamental task in text mining and information retrieval. Despite being the sixth most widely ","Mon, 21 Aug 2023 22:18:09 UTC (3,444 KB)"
51,"DS4DH at #SMM4H 2023: Zero-Shot Adverse Drug Events Normalization using Sentence Transformers and Reciprocal-Rank Fusion","Anthony Yazdani, Hossein Rouhizadeh, David Vicente Alvarez, Douglas Teodoro","Computation and Language (cs.CL)","This paper outlines the performance evaluation of a system for adverse drug event normalization, developed by the Data Science for Digital Health (DS4","Tue, 15 Aug 2023 14:07:59 UTC (160 KB)[v2] Wed, 27 Sep 2023 13:41:32 UTC (170 KB)[v3] Mon, 6 Nov 2023 09:19:59 UTC (170 KB)"
52,"BELB: a Biomedical Entity Linking Benchmark","Samuele Garda, Leon Weber-Genzel, Robert Martin, Ulf Leser","Computation and Language (cs.CL)","Biomedical entity linking (BEL) is the task of grounding entity mentions to a knowledge base. It plays a vital role in information extraction pipeline","Tue, 22 Aug 2023 16:05:18 UTC (376 KB)"
53,"Economic Policy Uncertainty: A Review on Applications and Measurement Methods with Focus on Text Mining Methods","Fatemeh Kaveh-Yazdy, Sajjad Zarifzadeh","Computers and Society (cs.CY)","Economic Policy Uncertainty (EPU) represents the uncertainty realized by the investors during economic policy alterations. EPU is a critical indicator","Sun, 20 Aug 2023 16:00:53 UTC (993 KB)"
54,"Real-Time Construction Algorithm of Co-Occurrence Network Based on Inverted Index","Jiahao Cheng","Information Retrieval (cs.IR)","Co-occurrence networks are an important method in the field of natural language processing and text mining for discovering semantic relationships with","Thu, 17 Aug 2023 03:09:07 UTC (3,129 KB)"
55,"BI-LAVA: Biocuration with Hierarchical Image Labeling through Active Learning and Visual Analysis","Juan Trelles, Andrew Wentzel, William Berrios, G. Elisabeta Marai","Human-Computer Interaction (cs.HC)","In the biomedical domain, taxonomies organize the acquisition modalities of scientific images in hierarchical structures. Such taxonomies leverage lar","Tue, 15 Aug 2023 19:36:19 UTC (2,735 KB)"
56,"Multi-modal Multi-view Clustering based on Non-negative Matrix Factorization","Yasser Khalafaoui (Alteca, ETIS - UMR 8051, CY), Nistor Grozavu (ETIS - UMR 8051, CY), Basarab Matei (LIPN), Laurent-Walter Goix","Artificial Intelligence (cs.AI)","By combining related objects, unsupervised machine learning techniques aim to reveal the underlying patterns in a data set. Non-negative Matrix Factor","Wed, 9 Aug 2023 08:06:03 UTC (371 KB)"
57,"BioBERT Based SNP-traits Associations Extraction from Biomedical Literature","Mohammad Dehghani, Behrouz Bokharaeian, Zahra Yazdanparast","Computation and Language (cs.CL)","Scientific literature contains a considerable amount of information that provides an excellent opportunity for developing text mining methods to extra","Thu, 3 Aug 2023 09:40:27 UTC (272 KB)"
58,"Industrial Memories: Exploring the Findings of Government Inquiries with Neural Word Embedding and Machine Learning","Susan Leavy, Emilie Pine, Mark T Keane","Computation and Language (cs.CL)","We present a text mining system to support the exploration of large volumes of text detailing the findings of government inquiries. Despite their hist","Wed, 2 Aug 2023 10:39:11 UTC (4,638 KB)"
59,"A short review of the main concerns in A.I. development and application within the public sector supported by NLP and TM","Carlos Ferreira","Computers and Society (cs.CY)","Artificial Intelligence is not a new subject, and business, industry and public sectors have used it in different ways and contexts and considering mu","Tue, 25 Jul 2023 11:15:57 UTC (563 KB)"
60,"Supply chain emission estimation using large language models","Ayush Jain, Manikandan Padmanaban, Jagabondhu Hazra, Shantanu Godbole, Kommy Weldemariam","Computation and Language (cs.CL)","Large enterprises face a crucial imperative to achieve the Sustainable Development Goals (SDGs), especially goal 13, which focuses on combating climat","Thu, 3 Aug 2023 13:06:37 UTC (1,929 KB)"
61,"Evaluating ChatGPT text-mining of clinical records for obesity monitoring","Ivo S. Fins (1), Heather Davies (1), Sean Farrell (2), Jose R.Torres (3), Gina Pinchbeck (1), Alan D. Radford (1), Peter-John Noble (1) ((1) Small Ani","Information Retrieval (cs.IR)","Background: Veterinary clinical narratives remain a largely untapped resource for addressing complex diseases. Here we compare the ability of a large ","Thu, 3 Aug 2023 10:11:42 UTC (953 KB)"
62,"A new mapping of technological interdependence","A. Fronzetti Colladon, B. Guardabascio, F. Venturini","Econometrics (econ.EM)","Which technological linkages affect the sector's ability to innovate? How do these effects transmit through the technology space? This paper answers t","Mon, 31 Jul 2023 07:37:37 UTC (5,266 KB)"
63,"UnScientify: Detecting Scientific Uncertainty in Scholarly Full Text","Panggih Kusuma Ningrum, Philipp Mayr, Iana Atanassova","Computation and Language (cs.CL)","This demo paper presents UnScientify, an interactive system designed to detect scientific uncertainty in scholarly full text. The system utilizes a we","Wed, 26 Jul 2023 15:04:24 UTC (1,653 KB)"
64,"Exploring acceptance of autonomous vehicle policies using KeyBERT and SNA: Targeting engineering students","Jinwoo Ha, Dongsoo Kim","Social and Information Networks (cs.SI)","This study aims to explore user acceptance of Autonomous Vehicle (AV) policies with improved text-mining methods. Recently, South Korean policymakers ","Tue, 18 Jul 2023 07:03:29 UTC (2,357 KB)"
65,"The Building Data Genome Directory -- An open, comprehensive data sharing platform for building performance research","Xiaoyu Jin, Chun Fu, Hussain Kazmi, Atilla Balint, Ada Canaydin, Matias Quintana, Filip Biljecki, Fu Xiao, Clayton Miller","Applications (stat.AP)","The building sector plays a crucial role in the worldwide decarbonization effort, accounting for significant portions of energy consumption and enviro","Mon, 3 Jul 2023 07:21:53 UTC (1,977 KB)"
66,"Information Extraction in Domain and Generic Documents: Findings from Heuristic-based and Data-driven Approaches","Shiyu Yuan, Carlo Lipizzi","Computation and Language (cs.CL)","Information extraction (IE) plays very important role in natural language processing (NLP) and is fundamental to many NLP applications that used to ex","Fri, 30 Jun 2023 20:43:27 UTC (1,434 KB)"
67,"DMNER: Biomedical Entity Recognition by Detection and Matching","Junyi Bian, Rongze Jiang, Weiqi Zhai, Tianyang Huang, Hong Zhou, Shanfeng Zhu","Computation and Language (cs.CL)","Biomedical named entity recognition (BNER) serves as the foundation for numerous biomedical text mining tasks. Unlike general NER, BNER require a comp","Tue, 27 Jun 2023 18:32:07 UTC (158 KB)[v2] Wed, 5 Jul 2023 12:26:07 UTC (158 KB)"
68,"ChatGPT Chemistry Assistant for Text Mining and Prediction of MOF Synthesis","Zhiling Zheng, Oufan Zhang, Christian Borgs, Jennifer T. Chayes, Omar M. Yaghi","Information Retrieval (cs.IR)","We use prompt engineering to guide ChatGPT in the automation of text mining of metal-organic frameworks (MOFs) synthesis conditions from diverse forma","Tue, 20 Jun 2023 05:20:29 UTC (5,411 KB)[v2] Thu, 20 Jul 2023 02:20:35 UTC (6,081 KB)"
69,"Persian Semantic Role Labeling Using Transfer Learning and BERT-Based Models","Saeideh Niksirat Aghdam, Sayyed Ali Hossayni, Erfan Khedersolh Sadeh, Nasim Khozouei, Behrouz Minaei Bidgoli","Computation and Language (cs.CL)","Semantic role labeling (SRL) is the process of detecting the predicate-argument structure of each predicate in a sentence. SRL plays a crucial role as","Sat, 17 Jun 2023 12:50:09 UTC (589 KB)"
70,"MetricPrompt: Prompting Model as a Relevance Metric for Few-shot Text Classification","Hongyuan Dong, Weinan Zhang, Wanxiang Che","Computation and Language (cs.CL)","Prompting methods have shown impressive performance in a variety of text mining tasks and applications, especially few-shot ones. Despite the promisin","Thu, 15 Jun 2023 06:51:35 UTC (704 KB)"
71,"Curatr: A Platform for Semantic Analysis and Curation of Historical Literary Texts","Susan Leavy, Gerardine Meaney, Karen Wade, Derek Greene","Computation and Language (cs.CL)","The increasing availability of digital collections of historical and contemporary literature presents a wealth of possibilities for new research in th","Tue, 13 Jun 2023 15:15:31 UTC (3,170 KB)"
72,"Recurrent Attention Networks for Long-text Modeling","Xianming Li, Zongxi Li, Xiaotian Luo, Haoran Xie, Xing Lee, Yingbin Zhao, Fu Lee Wang, Qing Li","Computation and Language (cs.CL)","Self-attention-based models have achieved remarkable progress in short-text mining. However, the quadratic computational complexities restrict their a","Mon, 12 Jun 2023 03:28:33 UTC (7,764 KB)"
73,"Advancing Italian Biomedical Information Extraction with Transformers-based Models: Methodological Insights and Multicenter Practical Application","Claudio Crema, Tommaso Mario Buonocore, Silvia Fostinelli, Enea Parimbelli, Federico Verde, Cira Fundarò, Marina Manera, Matteo Cotta Ramusino, Marco ","Computation and Language (cs.CL)","The introduction of computerized medical records in hospitals has reduced burdensome activities like manual writing and information fetching. However,","Thu, 8 Jun 2023 16:15:46 UTC (587 KB)[v2] Mon, 15 Jan 2024 11:05:23 UTC (1,063 KB)"
74,"Analysis of the Fed's communication by using textual entailment model of Zero-Shot classification","Yasuhiro Nakayama, Tomochika Sawaki","Computation and Language (cs.CL)","In this study, we analyze documents published by central banks using text mining techniques and propose a method to evaluate the policy tone of centra","Wed, 7 Jun 2023 09:23:26 UTC (533 KB)"
75,"Patient Dropout Prediction in Virtual Health: A Multimodal Dynamic Knowledge Graph and Text Mining Approach","Shuang Geng, Wenli Zhang, Jiaheng Xie, Gemin Liang, Ben Niu","Machine Learning (cs.LG)","Virtual health has been acclaimed as a transformative force in healthcare delivery. Yet, its dropout issue is critical that leads to poor health outco","Tue, 6 Jun 2023 16:23:00 UTC (2,417 KB)[v2] Wed, 7 Jun 2023 14:36:30 UTC (2,397 KB)"
76,"Explaining Hate Speech Classification with Model Agnostic Methods","Durgesh Nandini, Ute Schmid","Computation and Language (cs.CL)","There have been remarkable breakthroughs in Machine Learning and Artificial Intelligence, notably in the areas of Natural Language Processing and Deep","Tue, 30 May 2023 19:52:56 UTC (537 KB)"
77,"Mapping ChatGPT in Mainstream Media to Unravel Jobs and Diversity Challenges: Early Quantitative Insights through Sentiment Analysis and Word Frequenc","Maya Karanouh","Computers and Society (cs.CY)","The exponential growth in user acquisition and popularity of OpenAIs ChatGPT, an artificial intelligence(AI) powered chatbot, was accompanied by wides","Thu, 25 May 2023 15:10:51 UTC (522 KB)[v2] Thu, 3 Aug 2023 19:21:02 UTC (530 KB)"
78,"The Grammar and Syntax Based Corpus Analysis Tool For The Ukrainian Language","Daria Stetsenko, Inez Okulska","Computation and Language (cs.CL)","This paper provides an overview of a text mining tool the StyloMetrix developed initially for the Polish language and further extended for English and","Mon, 22 May 2023 22:52:47 UTC (103 KB)"
79,"DisCo: Distilled Student Models Co-training for Semi-supervised Text Mining","Weifeng Jiang, Qianren Mao, Chenghua Lin, Jianxin Li, Ting Deng, Weiyi Yang, Zheng Wang","Computation and Language (cs.CL)","Many text mining models are constructed by fine-tuning a large deep pre-trained language model (PLM) in downstream tasks. However, a significant chall","Sat, 20 May 2023 03:23:16 UTC (7,299 KB)[v2] Mon, 16 Oct 2023 11:39:50 UTC (455 KB)[v3] Fri, 20 Oct 2023 02:11:16 UTC (654 KB)"
80,"Comparing Variation in Tokenizer Outputs Using a Series of Problematic and Challenging Biomedical Sentences","Christopher Meaney, Therese A Stukel, Peter C Austin, Michael Escobar","Computation and Language (cs.CL)","Background & Objective: Biomedical text data are increasingly available for research. Tokenization is an initial step in many biomedical text mining p","Mon, 15 May 2023 16:46:47 UTC (32 KB)"
81,"Learner-Centered Analysis in Educational Metaverse Environments: Exploring Value Exchange Systems through Natural Interaction and Text Mining","Yun-Cheng Tsai","Computers and Society (cs.CY)","This paper explores the potential developments of self-directed learning in the metaverse in response to Education 4.0 and the Fourth Industrial Revol","Mon, 15 May 2023 03:25:44 UTC (982 KB)"
82,"SelfDocSeg: A Self-Supervised vision-based Approach towards Document Segmentation","Subhajit Maity, Sanket Biswas, Siladittya Manna, Ayan Banerjee, Josep Lladós, Saumik Bhattacharya, Umapada Pal","Computer Vision and Pattern Recognition (cs.CV)","Document layout analysis is a known problem to the documents research community and has been vastly explored yielding a multitude of solutions ranging","Mon, 1 May 2023 12:47:55 UTC (40,894 KB)[v2] Tue, 2 May 2023 03:52:53 UTC (40,894 KB)[v3] Mon, 21 Aug 2023 02:14:41 UTC (40,894 KB)"
83,"Patent Mining by Extracting Functional Analysis Information Modelled As Graph Structure: A Patent Knowledge-base Collaborative Building Approach","Manal E. Helal, Mohammed E. Helal","Databases (cs.DB)","Patents provide a rich source of information about design innovations. Patent mining techniques employ various technologies, such as text mining, mach","Sat, 29 Apr 2023 17:34:11 UTC (1,008 KB)[v2] Fri, 2 Feb 2024 03:31:14 UTC (1,011 KB)"
84,"Assessing Text Mining and Technical Analyses on Forecasting Financial Time Series","Ali Lashgari","Econometrics (econ.EM)","Forecasting financial time series (FTS) is an essential field in finance and economics that anticipates market movements in financial markets. This pa","Thu, 27 Apr 2023 21:52:36 UTC (421 KB)"
85,"EasyNER: A Customizable Easy-to-Use Pipeline for Deep Learning- and Dictionary-based Named Entity Recognition from Medical Text","Rafsan Ahmed, Petter Berntsson, Alexander Skafte, Salma Kazemi Rashed, Marcus Klang, Adam Barvesten, Ola Olde, William Lindholm, Antton Lamarca Arriza","Quantitative Methods (q-bio.QM)","Medical research generates a large number of publications with the PubMed database already containing >35 million research articles. Integration of th","Sun, 16 Apr 2023 15:17:56 UTC (2,167 KB)"
86,"Zero-Shot Multi-Label Topic Inference with Sentence Encoders","Souvika Sarkar, Dongji Feng, Shubhra Kanti Karmaker Santu","Computation and Language (cs.CL)","Sentence encoders have indeed been shown to achieve superior performances for many downstream text-mining tasks and, thus, claimed to be fairly genera","Fri, 14 Apr 2023 20:27:09 UTC (733 KB)"
87,"FrenchMedMCQA: A French Multiple-Choice Question Answering Dataset for Medical domain","Yanis Labrak, Adrien Bazoge, Richard Dufour, Mickael Rouvier, Emmanuel Morin, Béatrice Daille, Pierre-Antoine Gourraud","Computation and Language (cs.CL)","This paper introduces FrenchMedMCQA, the first publicly available Multiple-Choice Question Answering (MCQA) dataset in French for medical domain. It i","Sun, 9 Apr 2023 16:57:40 UTC (705 KB)"
88,"Multidimensional Perceptron for Efficient and Explainable Long Text Classification","Yexiang Wang, Yating Zhang, Xiaozhong Liu, Changlong Sun","Computation and Language (cs.CL)","Because of the inevitable cost and complexity of transformer and pre-trained models, efficiency concerns are raised for long text classification. Mean","Tue, 4 Apr 2023 08:49:39 UTC (331 KB)"
89,"Thematic context vector association based on event uncertainty for Twitter","Vaibhav Khatavkar, Swapnil Mane, Parag Kulkarni","Computation and Language (cs.CL)","Keyword extraction is a crucial process in text mining. The extraction of keywords with respective contextual events in Twitter data is a big challeng","Tue, 4 Apr 2023 00:13:47 UTC (322 KB)"
90,"Informed Machine Learning, Centrality, CNN, Relevant Document Detection, Repatriation of Indigenous Human Remains","Md Abul Bashar, Richi Nayak, Gareth Knapman, Paul Turnbull, Cressida Fforde","Computation and Language (cs.CL)","Among the pressing issues facing Australian and other First Nations peoples is the repatriation of the bodily remains of their ancestors, which are cu","Sat, 25 Mar 2023 14:08:21 UTC (920 KB)"
91,"ChatGPT as the Transportation Equity Information Source for Scientific Writing","Boniphace Kutela, Shoujia Li, Subasish Das, Jinli Liu","Information Retrieval (cs.IR)","Transportation equity is an interdisciplinary agenda that requires both transportation and social inputs. Traditionally, transportation equity informa","Fri, 10 Mar 2023 16:21:54 UTC (1,079 KB)"
92,"Does Synthetic Data Generation of LLMs Help Clinical Text Mining?","Ruixiang Tang, Xiaotian Han, Xiaoqian Jiang, Xia Hu","Computation and Language (cs.CL)","Recent advancements in large language models (LLMs) have led to the development of highly potent models like OpenAI's ChatGPT. These models have exhib","Wed, 8 Mar 2023 03:56:31 UTC (6,205 KB)[v2] Mon, 10 Apr 2023 18:47:51 UTC (6,200 KB)"
93,"NLP Workbench: Efficient and Extensible Integration of State-of-the-art Text Mining Tools","Peiran Yao, Matej Kosmajac, Abeer Waheed, Kostyantyn Guzhva, Natalie Hervieux, Denilson Barbosa","Computation and Language (cs.CL)","NLP Workbench is a web-based platform for text mining that allows non-expert users to obtain semantic understanding of large-scale corpora using state","Thu, 2 Mar 2023 16:59:31 UTC (1,100 KB)"
94,"A Text Mining Analysis of Data Protection Politics: The Case of Plenary Sessions of the European Parliament","Jukka Ruohonen","Computers and Society (cs.CY)","Data protection laws and policies have been studied extensively in recent years, but little is known about the parliamentary politics of data protecti","Mon, 20 Feb 2023 12:08:37 UTC (79 KB)"
95,"Lightweight Transformers for Clinical Natural Language Processing","Omid Rohanian, Mohammadmahdi Nouriborji, Hannah Jauncey, Samaneh Kouchaki, ISARIC Clinical Characterisation Group, Lei Clifton, Laura Merson, David A.","Computation and Language (cs.CL)","Specialised pre-trained language models are becoming more frequent in NLP since they can potentially outperform models trained on generic texts. BioBE","Thu, 9 Feb 2023 16:07:31 UTC (1,213 KB)"
96,"Real-Word Error Correction with Trigrams: Correcting Multiple Errors in a Sentence","Seyed MohammadSadegh Dashti","Computation and Language (cs.CL)","Spelling correction is a fundamental task in Text Mining. In this study, we assess the real-word error correction model proposed by Mays, Damerau and ","Tue, 7 Feb 2023 13:52:14 UTC (588 KB)"
97,"Estimation of Gaussian Bi-Clusters with General Block-Diagonal Covariance Matrix and Applications","Anastasiia Livochka, Ryan Browne, Sanjeena Subedi","Computation (stat.CO)","Bi-clustering is a technique that allows for the simultaneous clustering of observations and features in a dataset. This technique is often used in bi","Wed, 8 Feb 2023 02:47:26 UTC (9,539 KB)"
98,"Precursor recommendation for inorganic synthesis by machine learning materials similarity from scientific literature","Tanjin He, Haoyan Huo, Christopher J. Bartel, Zheren Wang, Kevin Cruse, Gerbrand Ceder","Materials Science (cond-mat.mtrl-sci)","Synthesis prediction is a key accelerator for the rapid design of advanced materials. However, determining synthesis variables such as the choice of p","Sun, 5 Feb 2023 04:57:59 UTC (2,856 KB)[v2] Fri, 19 May 2023 23:15:16 UTC (2,806 KB)"
99,"Bioformer: an efficient transformer language model for biomedical text mining","Li Fang, Qingyu Chen, Chih-Hsuan Wei, Zhiyong Lu, Kai Wang","Computation and Language (cs.CL)","Pretrained language models such as Bidirectional Encoder Representations from Transformers (BERT) have achieved state-of-the-art performance in natura","Fri, 3 Feb 2023 08:04:59 UTC (617 KB)"
100,"Curriculum-guided Abstractive Summarization for Mental Health Online Posts","Sajad Sotudeh, Nazli Goharian, Hanieh Deilamsalehy, Franck Dernoncourt","Computation and Language (cs.CL)","Automatically generating short summaries from users' online mental health posts could save counselors' reading time and reduce their fatigue so that t","Thu, 2 Feb 2023 08:48:26 UTC (10,408 KB)"
101,"Improving the Inference of Topic Models via Infinite Latent State Replications","Daniel Rugeles, Zhen Hai, Juan Felipe Carmona, Manoranjan Dash, Gao Cong","Computation and Language (cs.CL)","In text mining, topic models are a type of probabilistic generative models for inferring latent semantic topics from text corpus. One of the most popu","Wed, 25 Jan 2023 17:07:25 UTC (3,093 KB)"
102,"Understanding Finetuning for Factual Knowledge Extraction from Language Models","Mehran Kazemi, Sid Mittal, Deepak Ramachandran","Computation and Language (cs.CL)","Language models (LMs) pretrained on large corpora of text from the web have been observed to contain large amounts of various types of knowledge about","Thu, 26 Jan 2023 18:29:50 UTC (200 KB)"
103,"Cross-institution text mining to uncover clinical associations: a case study relating social factors and code status in intensive care medicine","Madhumita Sushil, Atul J. Butte, Ewoud Schuit, Maarten van Smeden, Artuur M. Leeuwenberg","Computation and Language (cs.CL)","Objective: Text mining of clinical notes embedded in electronic medical records is increasingly used to extract patient characteristics otherwise not ","Mon, 16 Jan 2023 19:04:59 UTC (1,573 KB)"
104,"Mining Healthcare Procurement Data Using Text Mining and Natural Language Processing -- Reflection From An Industrial Project","Ziqi Zhang, Tomas Jasaitis, Richard Freeman, Rowida Alfrjani, Adam Funk","Computation and Language (cs.CL)","While text mining and NLP research has been established for decades, there remain gaps in the literature that reports the use of these techniques in b","Mon, 9 Jan 2023 15:59:55 UTC (1,552 KB)"
105,"Testing High-dimensional Multinomials with Applications to Text Analysis","T. Tony Cai, Zheng Tracy Ke, Paxton Turner","Methodology (stat.ME)","Motivated by applications in text mining and discrete distribution inference, we investigate the testing for equality of probability mass functions of","Tue, 3 Jan 2023 22:29:44 UTC (1,715 KB)[v2] Fri, 24 Nov 2023 22:29:18 UTC (3,391 KB)"
106,"Understanding the main failure scenarios of subsea blowout preventers systems: An approach through Latent Semantic Analysis","Gustavo Jorge Martins de Aguiar, Ramon Baptista Narcizo, Rodolfo Cardoso, Iara Tammela, Edwin Benito Mitacc Meza, Danilo Colombo, Luiz Antônio de Oliv","Information Retrieval (cs.IR)","The blowout preventer (BOP) system is one of the most important well safety barriers during the drilling phase because it can prevent the development ","Mon, 2 Jan 2023 19:15:19 UTC (2,359 KB)"
107,"ClusTop: An unsupervised and integrated text clustering and topic extraction framework","Zhongtao Chen, Chenghu Mi, Siwei Duo, Jingfei He, Yatong Zhou","Computation and Language (cs.CL)","Text clustering and topic extraction are two important tasks in text mining. Usually, these two tasks are performed separately. For topic extraction t","Tue, 3 Jan 2023 03:26:26 UTC (3,565 KB)"
108,"IRT2: Inductive Linking and Ranking in Knowledge Graphs of Varying Scale","Felix Hamann, Adrian Ulges, Maurice Falk","Machine Learning (cs.LG)","We address the challenge of building domain-specific knowledge models for industrial use cases, where labelled data and taxonomic information is initi","Mon, 2 Jan 2023 15:19:21 UTC (436 KB)"
109,"Explainable AI for Bioinformatics: Methods, Tools, and Applications","Md. Rezaul Karim, Tanhim Islam, Oya Beyan, Christoph Lange, Michael Cochez, Dietrich Rebholz-Schuhmann, Stefan Decker","Quantitative Methods (q-bio.QM)","Artificial intelligence (AI) systems utilizing deep neural networks (DNNs) and machine learning (ML) algorithms are widely used for solving important ","Sun, 25 Dec 2022 21:00:36 UTC (4,845 KB)[v2] Thu, 9 Feb 2023 14:10:57 UTC (5,362 KB)[v3] Thu, 23 Feb 2023 08:48:26 UTC (5,362 KB)"
110,"Word Embedding Neural Networks to Advance Knee Osteoarthritis Research","Soheyla Amirian, Husam Ghazaleh, Mehdi Assefi, Hilal Maradit Kremers, Hamid R. Arabnia, Johannes F. Plate, Ahmad P. Tafti","Artificial Intelligence (cs.AI)","Osteoarthritis (OA) is the most prevalent chronic joint disease worldwide, where knee OA takes more than 80% of commonly affected joints. Knee OA is n","Thu, 22 Dec 2022 18:12:27 UTC (2,506 KB)"
111,"Graph-based Semantical Extractive Text Analysis","Mina Samizadeh","Computation and Language (cs.CL)","In the past few decades, there has been an explosion in the amount of available data produced from various sources with different topics. The availabi","Mon, 19 Dec 2022 18:30:26 UTC (371 KB)"
112,"Very Large Language Model as a Unified Methodology of Text Mining","Meng Jiang","Databases (cs.DB)","Text data mining is the process of deriving essential information from language text. Typical text mining tasks include text categorization, text clus","Mon, 19 Dec 2022 06:52:13 UTC (266 KB)[v2] Tue, 20 Dec 2022 17:03:30 UTC (266 KB)"
113,"Earthquake Impact Analysis Based on Text Mining and Social Media Analytics","Zhe Zheng, Hong-Zheng Shi, Yu-Cheng Zhou, Xin-Zheng Lu, Jia-Rui Lin","Computation and Language (cs.CL)","Earthquakes have a deep impact on wide areas, and emergency rescue operations may benefit from social media information about the scope and extent of ","Mon, 12 Dec 2022 13:51:07 UTC (772 KB)"
114,"Evaluating Airline Service Quality Through the Comprehensive Text-mining and TOPSIS-VIKOR-AISM Analysis","Haotian Xie, Yi Li, Yang Pu, Chen Zhang, Junlin Huang","Applications (stat.AP)","Service quality rankings are pivotal for maintaining sustainability in the fiercely competitive airline industry. However, prior research in this doma","Tue, 13 Dec 2022 02:30:35 UTC (876 KB)[v2] Sat, 14 Jan 2023 00:27:26 UTC (868 KB)[v3] Wed, 18 Jan 2023 01:55:54 UTC (868 KB)[v4] Tue, 27 Jun 2023 05:4"
115,"Text Mining-Based Patent Analysis for Automated Rule Checking in AEC","Zhe Zheng, Bo-Rui Kang, Qi-Tian Yuan, Yu-Cheng Zhou, Xin-Zheng Lu, Jia-Rui Lin","Information Retrieval (cs.IR)","Automated rule checking (ARC), which is expected to promote the efficiency of the compliance checking process in the architecture, engineering, and co","Mon, 12 Dec 2022 13:48:38 UTC (397 KB)"
116,"Robust convex biclustering with a tuning-free method","Yifan Chen, Chunyin Lei, Chuanquan Li, Haiqiang Ma, Ningyuan Hu","Methodology (stat.ME)","Biclustering is widely used in different kinds of fields including gene information analysis, text mining, and recommendation system by effectively di","Tue, 6 Dec 2022 16:37:11 UTC (435 KB)[v2] Fri, 9 Dec 2022 16:27:58 UTC (367 KB)[v3] Sat, 7 Oct 2023 03:25:18 UTC (367 KB)"
117,"AIONER: All-in-one scheme-based biomedical named entity recognition using deep learning","Ling Luo, Chih-Hsuan Wei, Po-Ting Lai, Robert Leaman, Qingyu Chen, Zhiyong Lu","Computation and Language (cs.CL)","Biomedical named entity recognition (BioNER) seeks to automatically recognize biomedical entities in natural language text, serving as a necessary fou","Wed, 30 Nov 2022 12:35:00 UTC (741 KB)[v2] Mon, 19 Dec 2022 14:31:47 UTC (702 KB)[v3] Tue, 16 May 2023 01:53:00 UTC (705 KB)"
118,"A Survey of Relevant Text Mining Technology","Claudia Peersman, Matthew Edwards, Emma Williams, Awais Rashid","Cryptography and Security (cs.CR)","Recent advances in text mining and natural language processing technology have enabled researchers to detect an authors identity or demographic charac","Mon, 28 Nov 2022 21:37:14 UTC (178 KB)"
119,"AI Knows Which Words Will Appear in Next Year's Korean CSAT","Byunghyun Ban, Jejong Lee, Hyeonmok Hwang","Computation and Language (cs.CL)","A text-mining-based word class categorization method and LSTM-based vocabulary pattern prediction method are introduced in this paper. A preprocessing","Thu, 24 Nov 2022 12:44:26 UTC (635 KB)[v2] Thu, 3 Aug 2023 00:40:58 UTC (627 KB)"
120,"Automating Systematic Literature Reviews with Natural Language Processing and Text Mining: a Systematic Literature Review","Girish Sundaram, Daniel Berleant","Information Retrieval (cs.IR)","Objectives: An SLR is presented focusing on text mining based automation of SLR creation. The present review identifies the objectives of the automati","Sun, 20 Nov 2022 04:42:14 UTC (987 KB)[v2] Sun, 30 Jul 2023 18:57:07 UTC (980 KB)"
121,"Method for Determining the Similarity of Text Documents for the Kazakh language, Taking Into Account Synonyms: Extension to TF-IDF","Bakhyt Bakiyev","Information Retrieval (cs.IR)","The task of determining the similarity of text documents has received considerable attention in many areas such as Information Retrieval, Text Mining,","Tue, 22 Nov 2022 15:54:41 UTC (335 KB)"
122,"A Large-Scale Dataset for Biomedical Keyphrase Generation","Mael Houbre, Florian Boudin, Beatrice Daille","Computation and Language (cs.CL)","Keyphrase generation is the task consisting in generating a set of words or phrases that highlight the main topics of a document. There are few datase","Tue, 22 Nov 2022 09:53:23 UTC (6,448 KB)"
123,"Explainable Model-specific Algorithm Selection for Multi-Label Classification","Ana Kostovska, Carola Doerr, Sašo Džeroski, Dragi Kocev, Panče Panov, Tome Eftimov","Machine Learning (cs.LG)","Multi-label classification (MLC) is an ML task of predictive modeling in which a data instance can simultaneously belong to multiple classes. MLC is i","Mon, 21 Nov 2022 07:42:11 UTC (4,434 KB)"
124,"Coronavirus statistics causes emotional bias: a social media text mining perspective","Linjiang Guo, Zijian Feng, Yuxue Chi, Mingzhu Wang, Yijun Liu","Computers and Society (cs.CY)","While COVID-19 has impacted humans for a long time, people search the web for pandemic-related information, causing anxiety. From a theoretic perspect","Wed, 16 Nov 2022 03:36:13 UTC (544 KB)"
125,"Auto-outlier Fusion Technique for Chest X-ray classification with Multi-head Attention Mechanism","Yuru Jing, Zixuan Li","Image and Video Processing (eess.IV)","A chest X-ray is one of the most widely available radiological examinations for diagnosing and detecting various lung illnesses. The National Institut","Tue, 15 Nov 2022 09:35:49 UTC (1,113 KB)"
126,"GeoAI for Knowledge Graph Construction: Identifying Causality Between Cascading Events to Support Environmental Resilience Research","Yuanyuan Tian, Wenwen Li","Artificial Intelligence (cs.AI)","Knowledge graph technology is considered a powerful and semantically enabled solution to link entities, allowing users to derive new knowledge by reas","Fri, 11 Nov 2022 05:31:03 UTC (1,690 KB)"
127,"Arabic Text Mining","Sumaia Mohammed AL-Ghuribi, Shahrul Azman Mohd Noah","Information Retrieval (cs.IR)","The rapid growth of the internet has increased the number of online texts. This led to the rapid growth of the number of online texts in the Arabic la","Fri, 4 Nov 2022 22:25:13 UTC (1,320 KB)"
128,"Automated Code Extraction from Discussion Board Text Dataset","Sina Mahdipour Saravani, Sadaf Ghaffari, Yanye Luther, James Folkestad, Marcia Moraes","Machine Learning (cs.LG)","This study introduces and investigates the capabilities of three different text mining approaches, namely Latent Semantic Analysis, Latent Dirichlet A","Mon, 31 Oct 2022 17:20:32 UTC (365 KB)[v2] Tue, 18 Apr 2023 22:51:45 UTC (224 KB)"
129,"Can Current Explainability Help Provide References in Clinical Notes to Support Humans Annotate Medical Codes?","Byung-Hak Kim, Zhongfen Deng, Philip S. Yu, Varun Ganapathi","Machine Learning (cs.LG)","The medical codes prediction problem from clinical notes has received substantial interest in the NLP community, and several recent studies have shown","Fri, 28 Oct 2022 04:06:07 UTC (96 KB)"
130,"Machine and Deep Learning Methods with Manual and Automatic Labelling for News Classification in Bangla Language","Istiak Ahmad, Fahad AlQurashi, Rashid Mehmood","Artificial Intelligence (cs.AI)","Research in Natural Language Processing (NLP) has increasingly become important due to applications such as text classification, text mining, sentimen","Wed, 19 Oct 2022 21:53:49 UTC (8,571 KB)"
131,"Using Bottleneck Adapters to Identify Cancer in Clinical Notes under Low-Resource Constraints","Omid Rohanian, Hannah Jauncey, Mohammadmahdi Nouriborji, Vinod Kumar Chauhan, Bronner P. Gonçalves, Christiana Kartsonaki, ISARIC Clinical Characteris","Computation and Language (cs.CL)","Processing information locked within clinical health records is a challenging task that remains an active area of research in biomedical NLP. In this ","Mon, 17 Oct 2022 21:22:23 UTC (330 KB)[v2] Wed, 7 Jun 2023 10:18:44 UTC (7,096 KB)"
132,"SMTCE: A Social Media Text Classification Evaluation Benchmark and BERTology Models for Vietnamese","Luan Thanh Nguyen, Kiet Van Nguyen, Ngan Luu-Thuy Nguyen","Computation and Language (cs.CL)","Text classification is a typical natural language processing or computational linguistics task with various interesting applications. As the number of","Wed, 21 Sep 2022 16:33:46 UTC (195 KB)"
133,"The language and social behavior of innovators","A. Fronzetti Colladon, L. Toschi, E. Ughetto, F. Greco","Computation and Language (cs.CL)","Innovators are creative people who can conjure the ground-breaking ideas that represent the main engine of innovative organizations. Past research has","Tue, 20 Sep 2022 07:01:25 UTC (572 KB)"
134,"HAPI: A Large-scale Longitudinal Dataset of Commercial ML API Predictions","Lingjiao Chen, Zhihua Jin, Sabri Eyuboglu, Christopher Ré, Matei Zaharia, James Zou","Software Engineering (cs.SE)","Commercial ML APIs offered by providers such as Google, Amazon and Microsoft have dramatically simplified ML adoption in many applications. Numerous c","Sun, 18 Sep 2022 01:52:16 UTC (5,406 KB)"
135,"ChemNLP: A Natural Language Processing based Library for Materials Chemistry Text Data","Kamal Choudhary, Mathew L. Kelley","Materials Science (cond-mat.mtrl-sci)","In this work, we present the ChemNLP library that can be used for 1) curating open access datasets for materials and chemistry literature, developing ","Sat, 17 Sep 2022 00:27:50 UTC (2,115 KB)[v2] Wed, 29 Mar 2023 21:05:07 UTC (3,933 KB)[v3] Tue, 15 Aug 2023 16:05:56 UTC (2,261 KB)"
136,"UniCausal: Unified Benchmark and Repository for Causal Text Mining","Fiona Anting Tan, Xinyu Zuo, See-Kiong Ng","Computation and Language (cs.CL)","Current causal text mining datasets vary in objectives, data coverage, and annotation schemes. These inconsistent efforts prevent modeling capabilitie","Fri, 19 Aug 2022 06:14:05 UTC (6,714 KB)[v2] Fri, 14 Apr 2023 09:02:50 UTC (9,053 KB)"
137,"Twitter Attribute Classification with Q-Learning on Bitcoin Price Prediction","Sattarov Otabek, Jaeyoung Choi","Social and Information Networks (cs.SI)","Aspiring to achieve an accurate Bitcoin price prediction based on people's opinions on Twitter usually requires millions of tweets, using different te","Thu, 4 Aug 2022 12:18:07 UTC (9,285 KB)[v2] Fri, 9 Jun 2023 06:11:53 UTC (8,786 KB)"
138,"Evaluating and improving social awareness of energy communities through semantic network analysis of online news","C. Piselli, A. Fronzetti Colladon, L. Segneri, A. L. Pisello","Social and Information Networks (cs.SI)","The implementation of energy communities represents a cross-disciplinary phenomenon that has the potential to support the energy transition while fost","Wed, 3 Aug 2022 07:43:31 UTC (943 KB)"
139,"Joint Learning-based Causal Relation Extraction from Biomedical Literature","Dongling Li, Pengchao Wu, Yuehu Dong, Jinghang Gu, Longhua Qian, Guodong Zhou","Computation and Language (cs.CL)","Causal relation extraction of biomedical entities is one of the most complex tasks in biomedical text mining, which involves two kinds of information:","Tue, 2 Aug 2022 08:54:57 UTC (808 KB)"
140,"Knowledge-Driven Mechanistic Enrichment of the Preeclampsia Ignorome","Tiffany J. Callahan, Adrianne L. Stefanski, Jin-Dong Kim, William A. Baumgartner Jr., Jordan M. Wyrwa, Lawrence E. Hunter","Genomics (q-bio.GN)","Preeclampsia is a leading cause of maternal and fetal morbidity and mortality. Currently, the only definitive treatment of preeclampsia is delivery of","Thu, 28 Jul 2022 03:29:09 UTC (1,304 KB)[v2] Sun, 2 Oct 2022 21:18:58 UTC (1,307 KB)"
141,"Patent Search Using Triplet Networks Based Fine-Tuned SciBERT","Utku Umur Acikalin, Mucahid Kutlu","Information Retrieval (cs.IR)","In this paper, we propose a novel method for the prior-art search task. We fine-tune SciBERT transformer model using Triplet Network approach, allowin","Sat, 23 Jul 2022 11:46:13 UTC (71 KB)"
142,"Learning from what we know: How to perform vulnerability prediction using noisy historical data","Aayush Garg, Renzo Degiovanni, Matthieu Jimenez, Maxime Cordy, Mike Papadakis, Yves LeTraon","Software Engineering (cs.SE)","Vulnerability prediction refers to the problem of identifying system components that are most likely to be vulnerable. Typically, this problem is tack","Fri, 22 Jul 2022 11:45:20 UTC (228 KB)[v2] Mon, 25 Jul 2022 07:42:11 UTC (1 KB) (withdrawn)"
143,"Research Trends and Applications of Data Augmentation Algorithms","Joao Fonseca, Fernando Bacao","Machine Learning (cs.LG)","In the Machine Learning research community, there is a consensus regarding the relationship between model complexity and the required amount of data a","Mon, 18 Jul 2022 11:38:32 UTC (970 KB)[v2] Tue, 2 Aug 2022 10:17:25 UTC (970 KB)"
144,"Keyword Extraction in Scientific Documents","Susie Xi Rao, Piriyakorn Piriyatamwong, Parijat Ghoshal, Sara Nasirian, Emmanuel de Salis, Sandra Mitrović, Michael Wechner, Vanya Brucker, Peter Egge","Computation and Language (cs.CL)","The scientific publication output grows exponentially. Therefore, it is increasingly challenging to keep track of trends and changes. Understanding sc","Tue, 5 Jul 2022 08:33:47 UTC (2,520 KB)[v2] Thu, 7 Jul 2022 08:39:49 UTC (2,520 KB)"
145,"Mining Tourism Experience on Twitter: A case study","Davide Stirparo, Beatrice Penna, Mohammad Kazemi, Ariona Shashaj","Social and Information Networks (cs.SI)","With the increase of digital data and social network platforms the impact of social media science in driving company decision related to product/servi","Thu, 30 Jun 2022 17:11:04 UTC (3,388 KB)"
146,"BertNet: Harvesting Knowledge Graphs with Arbitrary Relations from Pretrained Language Models","Shibo Hao, Bowen Tan, Kaiwen Tang, Bin Ni, Xiyan Shao, Hengzhe Zhang, Eric P. Xing, Zhiting Hu","Computation and Language (cs.CL)","It is crucial to automatically construct knowledge graphs (KGs) of diverse new relations to support knowledge discovery and broad applications. Previo","Tue, 28 Jun 2022 19:46:29 UTC (1,055 KB)[v2] Tue, 20 Dec 2022 18:13:13 UTC (1,211 KB)[v3] Fri, 2 Jun 2023 17:54:54 UTC (8,319 KB)"
147,"Depth-based clustering analysis of directional data","Giuseppe Pandolfo, Antonio D'ambrosio","Methodology (stat.ME)","A new depth-based clustering procedure for directional data is proposed. Such method is fully non-parametric and has the advantages to be flexible and","Tue, 21 Jun 2022 14:55:51 UTC (2,414 KB)"
148,"Born for Auto-Tagging: Faster and better with new objective functions","Chiung-ju Liu, Huang-Ting Shieh","Computation and Language (cs.CL)","Keyword extraction is a task of text mining. It is applied to increase search volume in SEO and ads. Implemented in auto-tagging, it makes tagging on ","Wed, 15 Jun 2022 02:52:22 UTC (6,155 KB)[v2] Tue, 31 Oct 2023 04:26:51 UTC (952 KB)"
149,"EMS: Efficient and Effective Massively Multilingual Sentence Representation Learning","Zhuoyuan Mao, Chenhui Chu, Sadao Kurohashi","Computation and Language (cs.CL)","Massively multilingual sentence representation models, e.g., LASER, SBERT-distill, and LaBSE, help significantly improve cross-lingual downstream task","Tue, 31 May 2022 12:29:25 UTC (2,655 KB)"
150,"Computational Reproducibility Within Prognostics and Health Management","Tim von Hahn, Chris K. Mechefske","Digital Libraries (cs.DL)","Scientific research frequently involves the use of computational tools and methods. Providing thorough documentation, open-source code, and data -- th","Tue, 31 May 2022 01:00:47 UTC (949 KB)[v2] Tue, 13 Sep 2022 16:29:01 UTC (990 KB)"
